{
    "accuracy": 0.9535472972972973,
    "f1_score": 0.9577897160399079,
    "recall_score": 0.9629629629629629,
    "auc_score": 0.990346300902893
}