{
    "accuracy": 0.8508604206500956,
    "f1_score": 0.8554216867469879,
    "recall_score": 0.8715769593956563,
    "auc_score": 0.9292561705457394
}